2026-03-01,5:20,10:17
2026-03-02,7:29,12:42
2026-03-04,7:17,13:03
2026-03-05,3:42,8:44
2026-03-06,4:40,11:51
2026-03-08,6:26,16:14
2026-03-11,7:24,12:55
2026-03-13,6:44,14:06
2026-03-17,4:11,9:38
2026-03-23,6:09,12:13
2026-03-25,2:48,14:59
2026-03-31,6:08,13:03
2026-04-01,5:42,15:23
2026-04-02,7:05,11:59
2026-04-03,6:11,13:42
2026-04-04,6:29,12:40
2026-04-05,5:52,14:14
2026-04-07,7:01,13:15
2026-04-08,4:56,9:49
2026-04-09,7:09,12:05
2026-04-11,1:42,12:45
2026-04-12,7:08,13:10
2026-04-14,0:21,5:12
2026-04-15,1:38,11:38
2026-04-16,2:21,11:56
2026-04-17,1:05,6:18
2026-04-19,23:51,12:04
2026-04-20,3:17,9:59
2026-04-22,2:10,10:09
2026-04-23,6:36,11:57
2026-04-24,0:33,12:05
2026-04-25,4:58,10:10
2026-04-28,0:27,6:59
2026-04-29,5:06,10:21
2026-04-30,23:19,6:11
2026-05-02,0:41,10:10
2026-05-03,1:41,12:14
2026-05-04,1:05,10:22
2026-05-05,23:21,6:57
2026-05-06,6:04,11:57
2026-05-07,2:04,11:08
2026-05-09,1:42,7:58
2026-05-10,0:55,11:45
2026-05-11,2:01,8:08
2026-05-14,3:23,11:01
2026-05-15,0:51,6:33
2026-05-16,0:36,11:36
2026-05-17,2:36,11:51
2026-05-18,1:43,12:30
2026-05-19,2:33,8:10
2026-05-21,2:28,11:00
2026-05-22,4:43,9:38
2026-05-25,0:44,12:07
2026-05-30,0:21,11:53
2026-05-31,3:34,11:33
2026-06-01,6:51,11:24
2026-06-02,2:10,10:29
2026-06-04,1:04,10:27
2026-06-06,23:52,10:16
2026-06-08,1:22,10:13
2026-06-09,1:38,9:50
2026-06-10,23:39,4:48
2026-06-11,0:13,4:48
2026-06-12,2:34,10:27
2026-06-13,1:13,10:17
2026-06-14,2:05,9:22
2026-06-16,2:55,9:54
2026-06-17,23:23,10:48
2026-06-18,2:27,10:24
2026-06-24,2:17,11:53
2026-06-28,0:26,11:52
2026-06-29,2:02,10:39
2026-06-30,0:23,9:50
2026-07-01,2:04,9:44
2026-07-02,2:18,9:52
2026-07-06,1:54,8:23
2026-07-07,3:37,10:52
2026-07-08,0:21,11:29
2026-07-09,4:20,11:03
2026-07-10,4:27,12:06
2026-07-13,3:49,11:26
2026-07-14,1:45,7:33
2026-07-15,1:00,10:47
2026-07-16,2:34,11:07
2026-07-17,5:03,10:26
2026-07-18,4:23,11:03
2026-07-21,4:08,12:01
2026-07-22,0:05,8:35
2026-07-23,2:24,10:29
2026-07-24,0:15,6:51
2026-07-25,2:09,11:15
2026-07-26,3:34,11:15
2026-07-27,3:20,11:11
2026-07-28,3:49,11:53
2026-07-29,1:47,11:08
2026-08-02,2:43,11:50
2026-08-04,2:03,7:12
2026-08-06,3:43,12:28
2026-08-07,0:55,12:36
2026-08-08,4:43,12:13
2026-08-09,1:58,10:48
2026-08-10,3:42,8:56
2026-08-12,5:58,12:36
2026-08-13,2:09,11:23
2026-08-14,2:57,8:11
2026-08-16,1:26,9:39
2026-08-18,2:53,10:24
2026-08-19,1:27,10:28
2026-08-20,1:31,11:09
2026-08-21,1:40,11:11
